<?xml version="1.0" encoding="UTF-8" standalone="yes"?>
<addon id="repository.zivcho" name="[B]Zivcho Repository[/B]" version="1.0" provider-name="Zivcho">
	<extension point="xbmc.addon.repository" name="zivcho repository">
    <dir>
		<info compressed="false">https://archive.org/download/repository.zivcho_201912/Programi/addons.xml</info>
		<checksum>https://archive.org/download/repository.zivcho_201912/Programi/addons.xml.md5</checksum>
		<datadir zip="true">https://archive.org/download/repository.zivcho_201912/Programi/</datadir>
		 </dir>
	</extension>
	  <extension point="xbmc.addon.metadata">
		<summary lang="en">zivcho Repository</summary>
		<description lang="en">Zivcho Wizard Buldovi od autora Zivcho.</description>
		<platform>all</platform>
		<forum>https://forum.kodi.tv/</forum>
		<website>https://kodi.tv/</website>
	  <assets>
		<icon>icon.gif</icon>
		<screenshot>resources/screenshots/screenshot1.jpg</screenshot>
		<screenshot>resources/screenshots/screenshot2.jpg</screenshot>
		<screenshot>resources/screenshots/screenshot3.jpg</screenshot>
		<screenshot>resources/screenshots/screenshot4.jpg</screenshot>
		<screenshot>resources/screenshots/screenshot5.jpg</screenshot>
	  </assets>
	  </extension>
</addon>



