<?xml version="1.0" encoding="UTF-8" standalone="yes"?>
<addon id="plugin.program.ZivchoWizard" name=" [B][COLOR gold]--[COLOR gold]Zivcho Wizard[COLOR gold]--[/COLOR][/B]" version="0.1.1" provider-name="[B][COLOR gold]Zivcho[/COLOR][/B]">
  <requires>
    <import addon="xbmc.python" version="2.1.0"/>
  </requires>
  <extension point="xbmc.python.pluginsource" library="default.py">
        <provides>executable</provides>
  </extension>
  <extension point="xbmc.service" library="startup.py" start="startup" />
  <extension point="xbmc.addon.metadata">
    <summary lang="en">Zivcho Wizard</summary>
    <description lang="en">Zivco Wizard od autora Zivcho...</description>
    <platform>all</platform>
  </extension>
</addon>
